PK,"�Bi��,9��	fWQt렐y� =��:���",__parsed_extra
a�R��� ��@�	Lʄt��NK�3��Q9�����`�Ӄ�<`�+���ވ��^཰�\��|�hz�czu����#�`�2�O�;y���.��⯴vDl@Σg����UG�PK��h�,"�w�{z��r�?��	B��Rۉ�+ev�GgA�0x����0J9i�jB�>kޣE1�w��V��ӝ��	:�pg����q��V�:��{)I��$�H�3�r/F�_�6�ʲ$�t�:��i���j#'s}e��-,�E����9��t'�uKM�",Ԍ2�f4����m�pQn��}QЊ�PTJ�R��&ǜ���ҕ6O��x��}�U��6��2��*�[���/������آZ&��@*]o�
"�A	Ƭc�?A���,�[�0��|���",">�H�=����Q��r��-E��""��M��wzmTʖ�_�U����[�B�PK�0њ",
,,
"$'��;�HY�%�q�����;7��_�,�&BR^^���$H�yJ��""��ӛ�4�\}wγ�b�L9��T�T���","�,��zK�P�F�jǻ��d�8�""�?}�5-R�F�-�=V+��4�y�����P��\m3�Ǆm��g'�F2� �|�1��:��h�yQ�N�iI��J�XY�]o�/�ƶy9�xbc��1�8�s��]��M��	��p��(�Kc۪n-������,6T͸��ɢ�������~n���W�-�N�,R��Y��lAk� p���k""�u#�� �w��M�B&�3]�M����L��RK#7T�3lˎ��ݘ�Yl@�b�d�%��8|.Ҕ�""�^�З`��kJv��G�i��%��0�1a""""׺/65A	s��x7���-�ny�lq��HmF��4~D����}I��7E4�ӏ���w7�ѝαQ�`��Ρ�a`7�u�.;93�f�0�R��\���,��6�""|M�Eo����͇��",
"�n/��Q��-L��处�@+��R������k$�I�xڦw*��ٴ]=��m;*�c�""3/�4��8�T>�8��*xM�Q�r�7�|��^q�M��W��||5j]�h��cb��I�y��m��?�dk���&��^!�r��MTA'""BQZk�A",,
"���J�J}�©��-�S�!�1t�&2^�%���%�2k���DJ���i+6_��b#�O��",�8`��&:M��u�(V�#��:T�gFns����*o��Wߐ~�2���,"'�Tщ���$��T�Ҝ;9�4�J��FрL�C�k{���Ǚ%H_�&��&;��T�U<��&w�Q�Yb>���?�9W�գy	�!b������5g�hZՒ�Dc��:�-z-��e7������7�a�Cw��F��<�<sb��+�n�""�9��ȵ[�i��vA�%����=��{�~ϧ�,$������O`ǃJp�¡5��d���j8z��F�K.�\�b����>~(�%bњEJ�b)�M��i�\������"
*�D^m����/N�����Jʜ�F(�/�2W��W�]5�ZC�O̴F���(��ͦb%4�7��j�ݼ�ٴ�v�i|��So\�p8��;���O�t��1p4��j!�Kh��ݺ��<�p��qܙ�M��m�T*],"���zt��c:��a�F)Tp��N�nѪޜL�vl�+\����?��m4�U-]��q�1h���Zi3���^-Lp",
"�d����{|ǴY�<=M�]��PL���hgL��K�X,��T�&�Ru���*���.gk�X|\>��ps���1qx	�-��bg9V������JO��t�cS8R]	!","��ٺ��>-ݸ��Y��by��b�-,[","�<ծ�ez���y^�\~p���B�L<e�ގ�X�}%�,z�/Y����o�^궠i��T�ĵ�_��@����,����Bm�'���ϡ�:�r��}[�y��޿�""ffw��"
۟立���8�X��zq#�г�Y�͕�yn'^�z�M��8����$��d�h,�r�Wݳe�������_}b���,
Ê��yn�3H��1yb:o�ڽ��}�����m^g�%�y��^�Ф\���Ӫd�g�S�ܬ~�'V�-�\'w�*Q���j�z���>�������s�H���C`r�v��igg኎���ۆ�7u�/���9]tj�p�M�J�M����d�%��փ�,"~ȅmdɝO^��'tnq�7����p�������LYu""���|�ÞK����o�7���%+����{X�۰˼��G�NͶ�}U�}a�59P7戼�����١�m�T-�1�+��R�b��L۷���&a�t���֥�&��·��ˠ����@﷕�9���ĭ������dE3�u���owN�JP���<�g�v�k]��ʛ��SR�v�`�v�A}XC�.p��F�~��Di �1���O�c¾~� �S���(��C������]n��y�W�f�ɧ%����!G�98ް�|`8a��L�N8�p���;��֗���ǹ�67{��/�","VR?b��6@�n�x�3���Xik�&�̕����$K���$$�x�2�4�`""�b��	�L"
"ƣ�uo{�_`+�Μ�/{�2�<��țq��	YA�""�X�A���L}&�̣�nh	�����3|;�$q�%�C_��Ș���H�3 ^LS`4M3� �2����v�|K�L��)��FaJcde<�!�� 	�}��\������d	��Ǆ*�XqJ�[m�8H%�������3^V��۩v/��0�)��'}IR��B�pS��/S<Ab�{~.�gF/d? R�Q��}R�'��E&�������_�O�.�'�]",ߒ?�أ4J�,"u[��ƀ, ��W�{5��%Ɵ͗�""­��L��`�?�����ڜa|�m�l�	�%�"
"��Ʋ�i���iu+)�Y��",,
"��""��26#���:==�M�}	������X@r�� \3�A`�l>{���LA�I�u�E!]���n����c5����(��G@|-ÍI��4Я�m�����`�L��?�1�2~��K����xR8K�G�]K��p�""�IՄ�X�)���,L@jr��v�R��/T��»�̧+*��/����K�~����h)""���,��u����x�U�o�D�$lzKa����Z-�/8�3�0d�;	�#Q�",,
⫾(nLؕ1�$q%0�l��-�}-�'zǗ�����oY^�g��.Y�t3N�}���g_�n���4�s��M������~'�k,,
Zt6���>tejp�m߅}��Ryu���_K��E�~���.���PK����,,
,,
,,
,,
"!",,
"&0'","1!5!+&8""&",
'11,!,",!4 7%&%&!&0#*4""-;+-3)/8+2:5,%;2+767-A0E!/A%6H)<Q6<E0?P-AV:BL6FX8Mb=RgA-F1H6&E<5Q=)P>1KB:WB-XG6aL8fQ<hS>GFGFLUJQZUKEZRJWWWEWiH]rT\fLavZbjUgzhWFe\Tp[Fr]I`^dib[wbMygUgghfltkqxtlfxqkxxxXm�\r�ao�cs�au�dx�ju�hw�ny�j{�h}�w|�p�}�l��n��{��u��x��}���mX�r]�we�|v�}h����z��m��u��x��|�����������������������������������������������������������������������������������������������������������������������������������������ƥ�Ȩ�ѵ�Ķ�ҿ����Ϭ�պ�ɵ�ؾ�߹�������Ʊ�ɷ�û����ɾ�˿�ѽ�����������û����ȶ�л�͸�ѽ������������������������������������������������������������������������������������������������������������������������������������������������������������������������������������������������"
ac�G�G���s�n��4D��X�A�_'D}�+������Չ�6C��xPe<�(ֺ�KE�,,
"���J�Ƀi�.����-[��eb���؆��""���!�������>ʨ}0G3#�:��@�}�B����X��y��V�+�VJ?9c3�7`���i.��s�֟�u�Ɍ�!���֤t�É�<3�BIlb�}�lF����*�hr�����y�j]���V�Y�l]w/�K�zm�R�N���h6�����rC�/����ӡ�!4N�����8�=	{�Bk@M7��Mn�iѡ�X�ue���亷uN��>�L�52���U��DZ>P�F����������:$��RP+j�_�,�^��NZ1ku��B�z]˴� Q�UM'4��rDs���޴�����w�� ����퓏\��5��E��׫2݇^U��g����",,
"�8Z���v\�JAAvO���""�H�K�%F�4mgq���vԂ*o��%�x0�GNdB���W�5�wi��P���+��c���Z��&j�X�{:��������7��m���a^^y;�Q�`�Cm.�M{�7�\�ȥ�G�\~�%�p*|lO@݇�`�Ğ���D)�Þ�s/�ZW�	���6{{]�5��(�ޡ6�U{�����C�������C)�U�w",r{	�_q�xp<�p<8,"\8,�<Z�,���|�5�'�_��Ϊr�����y8�7V� v�x�.F�������~�wn��Ӽho�F�W�}@�V�'c���'����8�]R���/<�y�y��N�{/�GTy8'P���b4y4i�t��Zq��g�ת�y��)�ֿ~�2�9�8|��=��lR�h��w���kN�~��ؔ�	3�6MA�����o��uܰ�)�떗ֳؙ"
M���hygj��9�WW��NJ����,"�逦W�}�c�E}NQi ����x=�]+�3C�<u�J�׋�T�PT��t�8,��΄���	���d�0�� p�����ֵ����K/�����^z@L��[��WNy<z�߀��N��G�^�ڑ0uX���l#$x��k�=$ض`�15~,""��U��+p�8�f�:","jf���Gu�,��ua�/�o��}&�6�?G��,�vw�0'e��a�,`��[�����Z1�^��E˞�g�Q��p���nL�����}��""��:3���;�e�6,���f)�m/����GyV'�jo\Ŧ��w��f����dۂI<�Y���d��?�8F2:���XUM�*�`����B���Dɶ����[�C�T�����ey��-�O�����U�+װXT+�A\�4H���ԗ�'�٪�)qp6��D�[2i>T�ŕ��h��,��r�)TY���d9l�&n���Y�,1̗�,s�y;<FضQ|�ɉ������׵,,��!�Q�<AƘ�����LMvl�*!1^��N�>��R������L����6��9䬌]�����`�Z�\��}4.g,lDK�-���H�[o֊n���/C�	&����R=���L;�W��XsD�"
i�b���?�,,
"&���<V�ɘ(2��Ȳ�!���`�k|z�Tr׆�?��'��,�#��	�҇""","FQ�f*vP4k2mL�NM�s����-����*�Jг`}�UT����Y�+���8���˘�""���2��Q>tGKd��A�D""{)��+F��b[9~?�d|���~�vסЛ`������(��ӆE�""����C�	�c�IMzƾ��""� �&��ū�h8��r<M�i���~��QJWVmN�Ӻ���\�6j�w��mreclLk&?>��:�^��J��Fl�݀�c�kl�9��K�o�Cx4���lW���ˢ�F�b����k������K97;7з�ۑ����M�vDlԨ��E�5�ɟ��?ز���g#���U���J^�.�	���xat�4",
R������3��|�����^z.��G�|i�&ҍ=��ڐ�a�loqk�ϋ��(&u���~��iLM��8@�fYҰ����ǻE��~�D�u��ܔ �D��J�V�-�h%��+WCW�uu�ZP��mP�^����O:4`)�or��?7:]y���7^*��τI�����Ci��K3�qA��ɧ��O��h�p\Yn���\2���P���>,,
"	u�Wb��i�E�jM�3�`�$Xr�k5%��P9S�Q�3*O�j]w��1�2����Ŏ~��4�z�����,B@�'��<�&��M3W�����PH��`""�������zi���Bhתg��O�c��Rc�Wq�PQYQ��qU���Z�n.V+����`��n.��澯�Y��oӲ�/�+���|YQ��[��V�Ɗ\�`���}ux�w]S�K����=�S.����Vv���T��6��{���si�ؒG�����Kչ�z�t���6�s+��a�8�S]a��7�νr��I��Z?̽V}�swݦL�1c檬��h9e%fӰ�u�u�1�GO7l�TTTW�<�R#&��K���ǃ����������e�q�",�$G��@%,
1d���\��?b'T)޾.,ĵ�P5@��4�6H��K�j�Qd�8���MzT�5Z������wpr�bG��O��f��,
�q���c��lc�(�K��A��-e���à�9IQ��+h����,"���#x�S����YK�Cx��ZZ*�k3�',��#J�1Wd 2^)��t&ϫ,�c$�mZi��\�^�Ǔ!��ywl|{U<���Ƕs��4�v�9-�I�J*:Ed�VК���Q����R�=w�G^~���l۪4>o�/1�(!c�X����%߀�/cNd�e[�^l�{E�L��,Y�AT<�l��	�Q�ƮJ�<������咠���vc����VX|�e�ʤD=�<j�s����b��(,�(!O���5","v>J��?ә1�@;�D��$�.�R5Q�Тf�*�r�S>dH�԰������t~��Io�L*��9�X�P.&$Z�+ZL�-el�J�w�ʛ��,���"
"�FB(].�0�=�w��JJO�zKmd���������9W1aD}u��mp���h~�*qߖ""Ip;ã�Q1���""u��\�<�x�?�e6<�������d��e\Uy��F�z�F<Ơ+��3�Jj���%���ˁ�UJ��ӆ������`��-r�V>�",,
�WvRcxlup��vd����cq*{i�C��(K <�W��b��:=(u�,,
[g�5,"�}-Fo�~,b|Q�G�^�d����l��Iܟl� ����s��^��;vD�oz�9�*Upڮ0�MڇET�O�}n����\J�l��E+�H]^iߒl���?Ӌ�����Zǜ��6����7zh�[Tڅ�g'���w�xAf�@�""�ۏ�h��c�>N�dT猽�N�O��c���?����U�UJWb�QA�2-n�:����'�&�����Vx';خ�lW8�^��ea�k�G���9u�g�����X65c����}","9Rc�d�K��Ǉ`s=��g~́�����}��%<hkG,�i�W�=D<J)��1�3�k�7���@x��3�,��i�A�[�A���,�ƻe���d0ƶA�<�-b�!��fra-��9���r.�B�����&��{����]<'J^�x:�!��!&���U0�{h�ߨ+{��8�%ŭW����g�Z��(c�|Z�*��]תp�twX�E9eӾ]���k{�c'���f��B՞�m`UG���Y�s�^u��S���]��p#{�,R|+����H�>*f.��"
"멡��AXd_Є��+��%n��O{h,��Z��",,
|y���xŽ���,���?��jP�%��%�~Ņ�������xp<�˷�� G?�Š�|�q����Q�x��J�',
�r�L~��Y��}���C�V�M; P����vf�bw�Ul9,,
�¬Z!,"[^z�1L_���Դ}��݊�?�gݭȺG�dGu��2��M���˫Y#we��0�Q��ѥ�""�>�p?U��eS� [/�<�AQ�)�ǲ��",
"����ϐ�9��7dߐ��P(f������R���t,�{S�޽��\��",��)w����pf�N5� ��kf��H�u_���ހΉ7�DK�bVuH�i�ۧ]9�I,"���]�aH����ϔN���Z]j+d��&�!m�}����E�l������"":gÍ"
"\N��}Žʩ)6�H�z$[����T�¡3bKP+be�/`I�Ŧл�ho0��a���W$A/������T���?�iU:-��:",vW�,
"A;��v���q��>D�����Q����yAƔ�؀)�'1�6W�""����[����#�����SMo3o]F{}�F��s+*<)�Ƙu,�[�SCï�������QTJ��Α���/&R�p��^��*x�CE���<��XJ���cGd��n�RH����2IPy�",,
1ɠ���_�0��*�4k�N0~�o��'�xa�'(�M>�`�E���B��čm������b�E�']�d�7�i�bQÙ�a�M_YĐT��U=���e�qWS�777�����e�����[x8:��p��G��ю�<HY�JY��7/���T�넧뛯��2Eϡ��¤j���X=r�E��:��6��~����j��,"��J�_���E����bs�m��͋}�k��8�+�/j�������E�A5�*�@�Ա�oʴ-o�����-v�qk�j����=y�9o���Xvh)V��������,�~N�����E��*���(k��鎻��R�Iy�""��E��JiK�]��g���W���Odk�dm�","����4:^�����p&���Q���zM쟏�����~��k�"
"��jQ=V�M��;�L������-֌Y7���6k��5a�_^���3g���1s�ɫ3-��K�uw�(Y����h}�>2�އ�qM�]��������ͪ��@��7��դ��}�4$�f^H��m��P��������%�>a#�>��?��wC�?�Մ�Bu�8�0��}��:0�	�a�u��h>���©O�I�S��",���:���'�ck��@�z_�EP7�0��k�\��\37߸a��hV]����oXLbz̆.a��7�[�ҍ����5�%,"V,(�	�}��Wܞȅ�������xpk<�t廡��6���'/���lԉv��������/����;ֱ��L���سe�H1���M�^�,t+��	��t9�L�}+)��L���|hڀ����)\+I�C.^P�7ШZ��rE<�2�ؐ���w�k���)>Xȏ+X:N�l�p�����}��[����<�˶��jK�R��o��l)w�<�JZ��2i�L"
���]C���l�_�2)�v;,i����W�$8��,
"�2��L$��߽/ż-�j���oRD""�vf�N�",,
"���ck��n��L�'�]S������PV`Vy�ڎ)�g[9X�1N���Ʋ�ư��Xl��|","�t4��73�7��'�-���6SȚ�W�ĞH���ɰb&s�ɹ��K-Od���\���#.Yw6	����ް�a��z�24",
^����jJ7������O,,
�D�u:c+�{�l'�ٓ��,,
"G��6xE�x��I�����",,
"S�3)�c���s����z�jV��^��","iB""","݊*wfZ�q�mo�U�������|���t�LT�,[A���n6���k���R�HG!�`�;��8�Ef��L�mcx �d�\iwhܽw���/�u»/�"
"7@��n�%��J �~�b9U��l�O�ܡ�'���o!S$�a�/]��,��������cd�0!��0�cA!tM�*�'���5��)u���G˜6��f�T�wk�ܷ�md��h۠l�'��N뀨����{f��W",,
"����5�b!w�=Y��z�>�[�%az�X���j��K������]�$��J""�P.�+�k}'9��y��x^d��I9M:����a�C��z�ߋ���",�����,
�7����ebԸ6;,-6~���W�Fq����|�sY9jkiT9�}P��r�8O��8v����y,"x!�,��b�/0���oC��C|+�`a�E�吺,�>��J�v�;�O�'?�t���GD��X��^ӕ�fЊ�Jsɛ]��s~��H�6�(�8�u�D����L���6�N|'o�c��PǨ�vF��~p�N䣎OM,ƣt8�p��m�'`6X��`�B�_��}��.5\���mx��H5mf��F)i�����8M""u���?c�&k��[������'b��}�k��YȽ��SQ��H_�b'����7�7S�a[@M�}xփ�O�:�;�[���>J�������1c�G�<""�Ľ���+LZq��]���PN ���u��1v���ۇ5���Ǡkm|Ex��x��0$�EO'�����Y�E��z_�n�J�HQ��bG���Q����T�&,&Y�*d㫕�t�U��nb�M�""����� �y�]�P�@?OJ`��B&P$f�ETJ��g\ۙ	�|xu,u�I�!�\:j�q2x_X!�î+}ՠ����Z��*R�Z{�+����N�ބ���w��qʔ)����wJB��&�Sv�Y�s���Y�n�e��ˌ�A�^B\���g���4iV8a���������<W�_����j\�=k��*�Vh��I�����eq��d�B�Q"
1�|�b��s+��-����zf�/;�M}6xׇ�ɔ�\E���/��ԏ�޿�u�_�nc{�ink�!^uE�y�b�s�%5�~���?��}�{.h�7�����qI�ۚ�@���x�']4��o�3��f�o��b�q	�2^n,"�s�@�5��'�'���ѧ�½~�����!а0RZ���$z^���L����/�-޿����wAͶ8d7�����4̤��""����c�B4u�ξ�B�+��ܞȅ�������xp���aըG�q,h",�/�`T�<^�Z#��F����@2���F��������x�z��x9���Q_��hQ�y����N¿��H%�mg��O��u%2Y%N����-��f2S�5C�9�W�¬&�:
�,��l1r)�1n!�r�w��f�C�=�R���Oad�Ѭ�_7d��|S(���U%�,"f�KC1����,:�x`����MT%N<�t�CJ�����GI���,��Ί1f��Faۘ�m'�n[�d��N���k�C�G�CI�""�Wl��^�VU���""�YYk�D]�"
"�E+b_�;.�����žV�-h��rB�ħN�%H|�±�x�:�Em`��~S��a�`�]�z`��)���!9���\H��2-���;HT'#x�J?��q��PmJwi�<���뮲����)XԪ�s��sZU�`�t&S��c2�Y82;�<�:p&1�/�M�����(�Q�S�d��:�n�z","�;�\�_�[���e�a�4�Գ���$*l�*����s�ʙ1�|���e^�@+�ǆ�$�(r8I[M{��U��H��5��>R�ؼ��!�""-F��9�","��P_	�������#s��e}�0d�wS_�lB=���)JDU�,�}(��	<��j�E�"
,,
�;�Qt@�g9��������� F;�+���7}�|Ԯ�J�>�%/c�,Z��oQ=3,"/�0q�,z�����F�����$�ɤͣ�y�G�<E�s�H���b6W��kU^�""W�;ar�""u���a��l�r�e�,��!<��@<��Ѿ��]���I��5H_Q�3�<�a�gi�#�5��X_�;����!���w������Ĉz���#J��RсN���ۧo�:�®v�.ex����J8=UNT[T,g��P��4�=������!��ۖ$�,�D$��""�������p������&0ޣ�tb�"
��ߏ�b|?��2�g�H�r�=��-ǺG�7��X��R�<��6���c�[�s������9ؑ+����=�g�pJ#�s���+�w�<��B6(�C6)������c��B��5��Aw*�I7TB@�l�҇i!y	�����٩J&�.P��l�k�L[%���vDa����>Ns�@�6�˒UyaI����X���%���J8��<n��,\8,"\8,.��ǃǃ�������������xp�xp<�p<8,\8,..��ǃǃ�������������xp�xp<�p<8,\8,.���ǃǃ����������xp�xp�xp<�p<8,\8,.��ǃǃǃ����������xp�xp<�p<�p<8,\8,.��ǃǃ�������������xp�xp<�p<8,\8,\8,.��ǃǃ�������������xp�xp<�p<8,\8,..��ǃǃ�������������xp�xp<�p<8,\8,.���ǃǃ����������xp�xp�xp<�p<8,\8,.��ǃǃǃ����������xp�xp<�p<�p<8,\8,.��ǃǃ�������������xp�xp<�p<8,\8,\8,.��ǃǃ�������������xp�xp<�p<8,\8,..��ǃǃ����������xp�xp�xp<�p<8,\8,.���ǃǃ����������xp�xp<�p<�p<8,\8,.��ǃǃǃ����������xp�xp<�p<�p<8,\8,.��ǃǃ�������������xp�xp<�p<8,\8,\"
��DrT���a9��*�$Q��$��@�����[/Ǥ�l&��.h��4qc''����R}	�S�h�-�7ƶ g�1i��nW0�A]���&`�suPth���ukh�j:h�,,
��vG�|��_��A�t,��b{Ձ�K�F����_PK����1,
,,